City_ID,City,Country,Date,Lat,Lng,Max Temp,Humidity,Cloudiness,Wind Speed
0,Ponta Do Sol,PT,2020-11-01 18:58:21,32.67,-17.1,69.8,88,20,8.05
1,New Norfolk,AU,2020-11-01 18:58:21,-42.78,147.06,52.0,77,100,1.97
2,Flinders,AU,2020-11-01 18:58:21,-34.58,150.86,60.01,85,78,3.0
3,Gobabis,NA,2020-11-01 18:58:21,-22.45,18.97,84.11,19,92,6.4
4,Ushuaia,AR,2020-11-01 18:56:25,-54.8,-68.3,57.2,58,75,8.05
5,Santa Maria,BR,2020-11-01 18:58:21,-29.68,-53.81,75.2,44,75,14.99
6,Ilulissat,GL,2020-11-01 18:58:22,69.22,-51.1,21.2,57,100,6.93
7,Sola,VU,2020-11-01 18:58:22,-13.88,167.55,82.4,78,75,11.41
8,Rikitea,PF,2020-11-01 18:58:22,-23.12,-134.97,74.89,85,69,18.68
9,Mataura,NZ,2020-11-01 18:58:22,-46.19,168.86,48.99,80,41,5.01
10,Cairns,AU,2020-11-01 18:55:15,-16.92,145.77,69.8,83,40,10.29
11,Raymondville,US,2020-11-01 18:58:22,26.48,-97.78,84.0,32,1,8.05
12,Kalmunai,LK,2020-11-01 18:58:22,7.42,81.82,81.03,74,54,5.64
13,Longyearbyen,SJ,2020-11-01 18:58:22,78.22,15.64,30.2,74,40,24.16
14,Flin Flon,CA,2020-11-01 18:58:22,54.77,-101.86,28.4,79,75,11.41
15,Bethel,US,2020-11-01 18:58:22,41.37,-73.41,48.99,94,100,1.01
16,Buala,SB,2020-11-01 18:58:22,-8.14,159.59,80.74,78,100,4.0
17,Lamu,KE,2020-11-01 18:58:23,-2.27,40.9,78.8,83,1,8.05
18,Thompson,CA,2020-11-01 18:58:23,55.74,-97.86,19.4,85,90,10.29
19,Jamestown,US,2020-11-01 18:53:54,42.1,-79.24,43.0,93,90,13.87
20,Bambous Virieux,MU,2020-11-01 18:58:23,-20.34,57.76,71.6,64,40,10.29
21,Dunedin,NZ,2020-11-01 18:58:12,-45.87,170.5,48.99,61,100,18.01
22,Pudozh,RU,2020-11-01 18:58:23,61.81,36.53,30.2,97,0,4.9
23,Tazovskiy,RU,2020-11-01 18:58:23,67.47,78.7,22.59,98,98,16.4
24,Hot Springs,US,2020-11-01 18:58:23,34.5,-93.06,66.99,29,1,6.93
25,Peniche,PT,2020-11-01 18:58:23,39.36,-9.38,66.0,89,100,5.99
26,Kodiak,US,2020-11-01 18:57:47,57.79,-152.41,28.4,58,20,8.05
27,Guerrero Negro,MX,2020-11-01 18:57:06,27.98,-114.06,81.19,35,13,7.87
28,Yellowknife,CA,2020-11-01 18:58:24,62.46,-114.35,17.01,92,90,5.82
29,Hilo,US,2020-11-01 18:55:58,19.73,-155.09,75.99,69,90,4.7
30,Bundaberg,AU,2020-11-01 18:58:24,-24.85,152.35,71.01,100,75,5.82
31,Port-Gentil,GA,2020-11-01 18:58:24,-0.72,8.78,80.6,83,40,9.17
32,Hobyo,SO,2020-11-01 18:58:24,5.35,48.53,81.07,75,1,8.03
33,Veraval,IN,2020-11-01 18:58:24,20.9,70.37,79.5,50,58,10.47
34,Butaritari,KI,2020-11-01 18:58:25,3.07,172.79,81.68,78,1,10.4
35,Punta Arenas,CL,2020-11-01 18:56:22,-53.15,-70.92,55.4,66,75,14.99
36,Tasiilaq,GL,2020-11-01 18:58:25,65.61,-37.64,32.0,96,99,1.12
37,Ambon,ID,2020-11-01 18:58:25,-3.7,128.18,82.0,93,100,6.17
38,Juneau,US,2020-11-01 18:55:00,58.3,-134.42,39.2,93,90,6.93
39,Bredasdorp,ZA,2020-11-01 18:58:25,-34.53,20.04,64.4,88,9,8.05
40,Busselton,AU,2020-11-01 18:58:26,-33.65,115.33,53.01,95,88,6.85
41,Talnakh,RU,2020-11-01 18:58:26,69.49,88.4,21.2,92,75,20.13
42,Chuy,UY,2020-11-01 18:58:26,-33.7,-53.46,64.81,48,0,10.18
43,Winslow,US,2020-11-01 18:58:26,35.02,-110.7,60.8,23,1,3.36
44,Laguna,US,2020-11-01 18:58:26,38.42,-121.42,72.0,37,1,3.96
45,College,US,2020-11-01 18:58:26,64.86,-147.8,-0.99,75,20,3.36
46,Georgetown,MY,2020-11-01 18:57:39,5.41,100.34,80.6,83,20,3.36
47,Hobart,AU,2020-11-01 18:54:20,-42.88,147.33,55.4,87,90,4.7
48,Hasaki,JP,2020-11-01 18:58:26,35.73,140.83,55.4,100,40,2.24
49,Diofior,SN,2020-11-01 18:58:27,14.18,-16.67,96.8,37,0,11.99
50,Albany,US,2020-11-01 18:58:27,42.6,-73.97,48.99,75,100,5.01
51,Hamilton,US,2020-11-01 18:58:27,39.18,-84.53,52.0,29,40,25.28
52,Kapaa,US,2020-11-01 18:58:27,22.08,-159.32,73.0,94,1,5.82
53,Isangel,VU,2020-11-01 18:58:27,-19.55,169.27,76.05,80,13,14.25
54,Byron Bay,AU,2020-11-01 18:58:27,-28.65,153.62,60.8,93,3,5.82
55,Sur,OM,2020-11-01 18:58:28,22.57,59.53,69.82,49,0,3.8
56,Kihei,US,2020-11-01 18:58:28,20.79,-156.47,78.8,69,20,2.42
57,Pemangkat,ID,2020-11-01 18:58:28,1.17,108.97,79.65,81,48,5.46
58,Mangrol,IN,2020-11-01 18:58:28,21.12,70.12,79.39,40,9,13.44
59,Kaitangata,NZ,2020-11-01 18:58:28,-46.28,169.85,51.01,63,4,5.01
60,Cape Town,ZA,2020-11-01 18:58:03,-33.93,18.42,66.99,82,0,11.41
61,Rawson,AR,2020-11-01 18:57:29,-43.3,-65.1,88.03,13,0,7.31
62,Lira,UG,2020-11-01 18:58:28,2.23,32.91,69.6,78,84,2.84
63,Faya,SA,2020-11-01 18:58:28,18.39,42.45,66.2,88,0,3.94
64,Kavieng,PG,2020-11-01 18:58:28,-2.57,150.8,82.69,73,22,6.31
65,Qaanaaq,GL,2020-11-01 18:58:28,77.48,-69.36,0.99,74,0,7.54
66,Astana,KZ,2020-11-01 18:58:29,51.18,71.45,26.6,92,0,6.71
67,Dingle,PH,2020-11-01 18:58:29,11.0,122.67,75.58,87,100,5.3
68,Puerto Ayora,EC,2020-11-01 18:58:29,-0.74,-90.35,78.8,69,75,20.8
69,Ribeira Grande,PT,2020-11-01 18:58:29,38.52,-28.7,64.4,82,75,13.87
70,Castro,BR,2020-11-01 18:58:29,-24.79,-50.01,66.22,59,49,8.59
71,Broome,US,2020-11-01 18:58:29,42.25,-75.83,48.0,93,90,11.41
72,Zaraza,VE,2020-11-01 18:58:29,9.35,-65.32,87.03,69,26,3.8
73,Mandurah,AU,2020-11-01 18:58:29,-32.55,115.7,57.99,84,100,7.85
74,Adrar,MR,2020-11-01 18:58:29,20.5,-10.07,83.66,15,100,9.64
75,Port Elizabeth,ZA,2020-11-01 18:58:29,-33.92,25.57,66.2,77,0,14.99
76,Arraial Do Cabo,BR,2020-11-01 18:58:29,-22.97,-42.03,71.6,73,75,25.28
77,Palamos,ES,2020-11-01 18:58:30,41.85,3.13,57.99,50,20,1.9
78,Pisco,PE,2020-11-01 18:58:30,-13.7,-76.22,64.99,82,90,8.05
79,Kungurtug,RU,2020-11-01 18:58:30,50.6,97.52,19.58,87,0,2.06
80,Carnarvon,AU,2020-11-01 18:58:30,-24.87,113.63,68.0,64,40,19.46
81,Mahebourg,MU,2020-11-01 18:58:30,-20.41,57.7,71.6,64,40,10.29
82,Oktyabrskoye,RU,2020-11-01 18:58:30,43.06,44.74,46.4,93,0,4.47
83,Port Hawkesbury,CA,2020-11-01 18:58:30,45.62,-61.35,50.0,63,20,13.87
84,Luderitz,NA,2020-11-01 18:58:31,-26.65,15.16,67.28,47,81,13.06
85,Ulaanbaatar,MN,2020-11-01 18:58:31,47.91,106.88,1.4,77,0,4.47
86,Barrow,US,2020-11-01 18:58:31,71.29,-156.79,28.4,74,75,17.22
87,Moron,AR,2020-11-01 18:58:31,-34.65,-58.62,78.01,29,0,11.41
88,Vaini,TO,2020-11-01 18:58:31,-21.2,-175.2,73.4,88,75,8.05
89,Manali,IN,2020-11-01 18:58:31,13.17,80.27,80.6,94,20,4.09
90,Sao Filipe,CV,2020-11-01 18:58:31,14.9,-24.5,79.75,73,0,10.63
91,Poya,NC,2020-11-01 18:58:31,-21.35,165.15,73.24,78,17,6.42
92,Port Blair,IN,2020-11-01 18:58:31,11.67,92.75,80.4,78,100,3.09
93,Khatanga,RU,2020-11-01 18:58:31,71.97,102.5,1.63,92,100,4.88
94,Victoria,HK,2020-11-01 18:54:38,22.29,114.16,75.0,73,99,10.83
95,Madimba,TZ,2020-11-01 18:58:32,-10.4,40.33,76.6,80,99,6.82
96,Kavaratti,IN,2020-11-01 18:58:32,10.57,72.64,82.06,71,0,4.5
97,Klerksdorp,ZA,2020-11-01 18:58:32,-26.85,26.67,58.62,83,100,4.99
98,Kargasok,RU,2020-11-01 18:58:32,59.06,80.86,32.79,97,100,12.24
99,Algiers,DZ,2020-11-01 18:53:40,36.75,3.04,59.0,87,20,1.12
100,Belmonte,BR,2020-11-01 18:58:32,-15.86,-38.88,69.8,88,90,8.05
101,Soc Trang,VN,2020-11-01 18:58:32,9.6,105.98,76.86,92,86,5.28
102,Sisimiut,GL,2020-11-01 18:58:32,66.94,-53.67,28.38,95,100,8.77
103,Codrington,AU,2020-11-01 18:58:32,-38.27,141.97,48.0,82,56,8.12
104,Hermanus,ZA,2020-11-01 18:58:33,-34.42,19.23,64.99,78,0,8.99
105,Staryy Nadym,RU,2020-11-01 18:58:33,65.61,72.68,28.26,96,64,18.41
106,Nyurba,RU,2020-11-01 18:58:33,63.28,118.33,1.69,92,13,8.21
107,Mizdah,LY,2020-11-01 18:58:33,31.45,12.98,65.79,55,86,8.37
108,Narsaq,GL,2020-11-01 18:58:33,60.92,-46.05,26.6,68,0,4.7
109,Yibin,CN,2020-11-01 18:58:33,28.77,104.62,60.06,65,100,1.72
110,Nalut,LY,2020-11-01 18:58:33,30.33,10.85,64.18,44,8,9.06
111,Sao Miguel Do Araguaia,BR,2020-11-01 18:58:33,-13.28,-50.16,85.86,56,100,6.22
112,Abeche,TD,2020-11-01 18:58:33,13.83,20.83,80.94,27,6,8.72
113,Honiara,SB,2020-11-01 18:58:34,-9.43,159.95,73.4,100,20,5.23
114,Motril,ES,2020-11-01 18:58:34,36.75,-3.52,62.01,53,0,1.01
115,San Patricio,US,2020-11-01 18:58:34,28.02,-97.52,82.0,44,20,9.17
116,Upernavik,GL,2020-11-01 18:58:34,72.79,-56.15,16.77,94,100,3.62
117,Phu Ly,VN,2020-11-01 18:58:34,20.54,105.91,74.64,87,100,1.23
118,Cap Malheureux,MU,2020-11-01 18:58:34,-19.98,57.61,66.99,69,26,3.0
119,Redlands,US,2020-11-01 18:58:16,34.06,-117.18,84.99,11,75,2.39
120,Provideniya,RU,2020-11-01 18:58:34,64.38,-173.3,21.88,86,0,2.06
121,Ayagoz,KZ,2020-11-01 18:58:34,47.97,80.44,28.67,92,98,1.7
122,Yajalon,MX,2020-11-01 18:58:35,17.23,-92.33,77.0,94,75,8.05
123,Sao Joao Da Barra,BR,2020-11-01 18:58:35,-21.64,-41.05,73.4,69,75,16.11
124,Necochea,AR,2020-11-01 18:58:35,-38.55,-58.74,70.63,45,93,7.81
125,Chake Chake,TZ,2020-11-01 18:58:35,-5.25,39.77,76.71,80,2,8.63
126,Saint Anthony,US,2020-11-01 18:58:35,45.02,-93.22,36.0,43,1,11.41
127,Nikolskoye,RU,2020-11-01 18:58:35,59.7,30.79,33.01,100,90,8.95
128,Avarua,CK,2020-11-01 18:58:35,-21.21,-159.78,77.0,88,62,18.34
129,Kailua,US,2020-11-01 18:58:35,21.4,-157.74,78.01,88,20,2.04
130,Linxia,CN,2020-11-01 18:58:35,35.6,103.21,36.1,74,0,1.16
131,Teluknaga,ID,2020-11-01 18:58:35,-6.1,106.64,78.01,88,20,13.87
132,Bathsheba,BB,2020-11-01 18:58:36,13.22,-59.52,86.0,74,40,21.92
133,Atuona,PF,2020-11-01 18:58:36,-9.8,-139.03,78.19,77,14,14.56
134,Hithadhoo,MV,2020-11-01 18:58:36,-0.6,73.08,83.39,73,100,11.21
135,Bluff,NZ,2020-11-01 18:58:36,-46.6,168.33,48.99,80,100,5.01
136,Yulara,AU,2020-11-01 18:58:36,-25.24,130.99,78.8,19,12,11.41
137,Port Macquarie,AU,2020-11-01 18:58:36,-31.43,152.92,63.0,74,100,1.99
138,Norman Wells,CA,2020-11-01 18:58:36,65.28,-126.83,5.0,71,75,8.05
139,Katsuura,JP,2020-11-01 18:58:36,35.13,140.3,59.0,67,40,2.24
140,Tuatapere,NZ,2020-11-01 18:58:36,-46.13,167.68,48.99,80,16,5.01
141,Tuktoyaktuk,CA,2020-11-01 18:58:37,69.45,-133.04,6.8,92,75,10.29
142,Ixtapa,MX,2020-11-01 18:58:37,20.7,-105.2,89.82,55,0,5.14
143,Jennings,US,2020-11-01 18:58:37,38.72,-90.26,51.8,27,20,18.34
144,Souillac,MU,2020-11-01 18:58:37,-20.52,57.52,71.6,64,40,10.29
145,Pochutla,MX,2020-11-01 18:58:37,15.74,-96.47,90.0,58,0,4.0
146,Kunashak,RU,2020-11-01 18:58:37,55.7,61.55,32.0,97,75,4.47
147,Ruteng,ID,2020-11-01 18:58:37,-8.61,120.47,63.23,100,100,2.06
148,Jumla,NP,2020-11-01 18:58:38,29.27,82.18,46.33,59,0,5.48
149,Touros,BR,2020-11-01 18:58:38,-5.2,-35.46,84.2,66,40,16.11
150,Kirakira,SB,2020-11-01 18:58:38,-10.45,161.92,80.04,78,96,5.44
151,Ust-Ishim,RU,2020-11-01 18:58:38,57.69,71.17,31.5,96,92,8.59
152,Saint-Philippe,RE,2020-11-01 18:58:38,-21.36,55.77,69.8,64,40,6.93
153,Midland,US,2020-11-01 18:58:38,32.0,-102.08,68.0,28,1,11.41
154,Lebu,CL,2020-11-01 18:58:38,-37.62,-73.65,58.15,79,7,8.19
155,Faanui,PF,2020-11-01 18:58:38,-16.48,-151.75,79.7,80,46,23.26
156,Lorengau,PG,2020-11-01 18:58:38,-2.02,147.27,82.69,74,17,6.67
157,Cidreira,BR,2020-11-01 18:58:39,-30.18,-50.21,66.45,62,21,9.48
158,Stephenville,US,2020-11-01 18:58:39,32.22,-98.2,71.6,26,1,8.05
159,Skjervoy,NO,2020-11-01 18:58:39,70.03,20.97,44.8,74,100,14.61
160,San Cayetano,CO,2020-11-01 18:58:39,7.88,-72.62,84.2,62,40,4.7
161,Mogadishu,SO,2020-11-01 18:58:39,2.04,45.34,80.04,79,100,11.41
162,Tezu,IN,2020-11-01 18:58:39,27.92,96.17,71.13,74,65,1.92
163,Cascais,PT,2020-11-01 18:58:39,38.7,-9.42,64.99,88,75,2.24
164,Luohe,CN,2020-11-01 18:58:40,33.57,114.04,54.66,39,0,4.56
165,Vila Velha,BR,2020-11-01 18:58:40,-20.33,-40.29,75.2,69,75,12.75
166,Kalawit,PH,2020-11-01 18:58:40,8.07,122.52,77.86,86,100,6.58
167,Broken Hill,AU,2020-11-01 18:58:40,-31.95,141.43,60.8,59,0,5.82
168,Naze,JP,2020-11-01 18:58:40,28.37,129.48,71.6,94,75,3.36
169,Viedma,AR,2020-11-01 18:58:40,-40.81,-63.0,87.01,17,0,12.37
170,Yekaterinovka,RU,2020-11-01 18:58:40,52.05,44.35,44.87,87,100,11.43
171,East London,ZA,2020-11-01 18:58:40,-33.02,27.91,62.6,88,75,11.41
172,Alofi,NU,2020-11-01 18:54:02,-19.06,-169.92,73.4,94,36,11.41
173,Andenes,NO,2020-11-01 18:58:41,69.31,16.12,46.4,70,100,17.22
174,Polunochnoye,RU,2020-11-01 18:58:41,60.87,60.42,23.67,97,0,3.67
175,Dikson,RU,2020-11-01 18:58:41,73.51,80.55,20.05,98,96,8.95
176,Haimen,CN,2020-11-01 18:58:41,23.19,116.61,68.0,88,100,5.57
177,Sychevka,RU,2020-11-01 18:58:41,55.83,34.27,39.97,84,100,10.49
178,Krasnoselkup,RU,2020-11-01 18:58:41,65.7,82.47,29.62,98,100,21.41
179,Constantine,DZ,2020-11-01 18:58:41,36.37,6.61,60.8,59,0,2.24
180,Dawlatabad,AF,2020-11-01 18:58:41,36.41,64.91,51.01,40,0,3.74
181,Tartagal,AR,2020-11-01 18:58:41,-22.52,-63.8,85.06,24,0,6.98
182,Sitka,US,2020-11-01 18:58:42,57.05,-135.33,46.4,93,90,5.88
183,Sanford,US,2020-11-01 18:58:01,28.8,-81.27,87.01,62,90,4.7
184,Ancud,CL,2020-11-01 18:58:42,-41.87,-73.82,69.01,52,0,5.82
185,Vestmannaeyjar,IS,2020-11-01 18:58:42,63.44,-20.27,39.2,80,0,17.22
186,Makakilo City,US,2020-11-01 18:57:51,21.35,-158.09,73.4,78,1,3.36
187,Severo-Kurilsk,RU,2020-11-01 18:58:42,50.68,156.12,40.37,76,1,3.4
188,Shangrao,CN,2020-11-01 18:58:42,28.45,117.97,60.78,85,96,0.72
189,Bilibino,RU,2020-11-01 18:58:42,68.05,166.44,5.54,83,99,0.96
190,Caruray,PH,2020-11-01 18:58:42,10.31,119.01,80.6,78,75,4.7
191,Avera,US,2020-11-01 18:58:43,33.19,-82.53,69.01,77,75,9.17
192,Kashi,CN,2020-11-01 18:58:43,39.45,75.98,42.8,38,0,11.18
193,Umea,SE,2020-11-01 18:58:43,63.83,20.26,46.4,87,90,21.92
194,Chifeng,CN,2020-11-01 18:58:43,42.27,118.96,31.91,71,0,11.83
195,Kautokeino,NO,2020-11-01 18:58:43,69.01,23.04,37.9,94,100,21.03
196,Raudeberg,NO,2020-11-01 18:58:43,61.99,5.14,50.0,78,100,24.81
197,Dharmanagar,IN,2020-11-01 18:58:43,24.37,92.17,73.24,94,100,1.77
198,Manado,ID,2020-11-01 18:58:43,1.49,124.85,73.4,94,20,3.67
199,Rabo De Peixe,PT,2020-11-01 18:58:43,37.8,-25.58,69.8,94,40,13.87
200,Geraldton,AU,2020-11-01 18:58:44,-28.77,114.6,57.2,93,75,13.87
201,San Angelo,US,2020-11-01 18:54:41,31.46,-100.44,72.0,40,1,14.99
202,Mar Del Plata,AR,2020-11-01 18:57:16,-38.0,-57.56,68.0,49,20,12.75
203,Palmares Do Sul,BR,2020-11-01 18:58:44,-30.26,-50.51,67.03,61,70,10.94
204,Pevek,RU,2020-11-01 18:58:44,69.7,170.31,15.4,89,100,13.87
205,Tahta,EG,2020-11-01 18:58:44,26.77,31.5,80.6,47,0,12.75
206,Grand Gaube,MU,2020-11-01 18:58:44,-20.01,57.66,66.99,69,29,3.0
207,Hurghada,EG,2020-11-01 18:58:44,27.26,33.81,77.0,65,40,8.05
208,Airai,TL,2020-11-01 18:58:44,-8.93,125.41,60.48,82,97,2.08
209,Gao,ML,2020-11-01 18:58:45,16.64,1.64,83.41,15,42,12.84
210,Cabo San Lucas,MX,2020-11-01 18:56:03,22.89,-109.91,88.0,56,48,1.01
211,Agirish,RU,2020-11-01 18:58:45,61.92,63.02,26.53,97,0,8.63
212,Saint George,US,2020-11-01 18:57:15,37.1,-113.58,60.8,17,1,3.53
213,Zambezi,ZM,2020-11-01 18:58:45,-13.54,23.1,76.64,30,31,3.49
214,Kruisfontein,ZA,2020-11-01 18:58:45,-34.0,24.73,66.0,73,22,5.01
215,Norden,DE,2020-11-01 18:58:45,53.6,7.2,60.8,82,67,16.11
216,Lavrentiya,RU,2020-11-01 18:58:45,65.58,-171.0,21.78,89,0,4.03
217,Itaituba,BR,2020-11-01 18:58:46,-4.28,-55.98,96.19,35,97,0.78
218,Iqaluit,CA,2020-11-01 18:56:33,63.75,-68.51,12.2,78,20,2.24
219,Saskylakh,RU,2020-11-01 18:58:46,71.92,114.08,-9.81,87,100,10.58
220,Uray,RU,2020-11-01 18:58:46,60.12,64.78,27.12,97,0,8.01
221,Ryotsu,JP,2020-11-01 18:58:46,38.08,138.43,62.11,74,100,13.98
222,Nanortalik,GL,2020-11-01 18:58:46,60.14,-45.24,29.64,87,0,26.78
223,Kahului,US,2020-11-01 18:58:46,20.89,-156.47,78.8,69,20,3.04
224,Omsukchan,RU,2020-11-01 18:58:46,62.53,155.8,12.76,93,100,6.08
225,Ostrovnoy,RU,2020-11-01 18:58:46,68.05,39.51,37.38,89,100,16.2
226,Nur,PL,2020-11-01 18:58:46,52.67,22.32,42.01,86,41,4.0
227,Xining,CN,2020-11-01 18:58:47,36.62,101.77,31.66,81,31,1.88
228,Mao,ES,2020-11-01 18:58:47,39.89,4.27,60.8,87,20,4.7
229,Hofn,IS,2020-11-01 18:58:47,64.25,-15.21,39.78,68,0,11.83
230,Port Hardy,CA,2020-11-01 18:58:47,50.7,-127.42,48.2,76,75,7.99
231,Alice Springs,AU,2020-11-01 18:56:20,-23.7,133.88,69.8,22,0,8.05
232,Esperance,AU,2020-11-01 18:58:47,-33.87,121.9,62.6,100,90,5.82
233,Klaksvik,FO,2020-11-01 18:58:47,62.23,-6.59,44.6,93,99,6.93
234,Comodoro Rivadavia,AR,2020-11-01 18:58:47,-45.87,-67.5,77.0,41,0,6.93
235,Ust-Kuyga,RU,2020-11-01 18:58:47,70.02,135.6,-15.83,87,99,7.94
236,Bousse,BF,2020-11-01 18:58:47,12.66,-1.89,89.6,22,0,4.7
237,Bulgan,MN,2020-11-01 18:58:48,48.81,103.53,19.94,88,0,1.32
238,Bubaque,GW,2020-11-01 18:58:48,11.28,-15.83,84.06,74,0,14.09
239,Komsomolskiy,UZ,2020-11-01 18:58:48,40.43,71.72,48.2,36,100,4.7
240,Fethiye,TR,2020-11-01 18:58:48,36.62,29.12,69.8,40,0,13.87
241,Cherskiy,RU,2020-11-01 18:58:48,68.75,161.3,5.49,94,100,7.27
242,Nome,US,2020-11-01 18:58:48,64.5,-165.41,12.2,85,20,3.36
243,Torbay,CA,2020-11-01 18:57:14,47.67,-52.73,42.01,48,40,17.22
244,Nouadhibou,MR,2020-11-01 18:58:48,20.93,-17.03,78.8,44,100,11.41
245,Shunyi,CN,2020-11-01 18:58:48,40.12,116.65,51.01,29,0,6.71
246,Barra Do Garcas,BR,2020-11-01 18:58:49,-15.89,-52.26,89.6,40,40,2.24
247,Lingao,CN,2020-11-01 18:58:49,19.91,109.69,70.74,87,28,4.79
248,Arica,CL,2020-11-01 18:58:01,-18.48,-70.3,68.0,64,0,13.87
249,San Cristobal,VE,2020-11-01 18:54:17,7.77,-72.22,84.2,62,40,4.7
250,Kuching,MY,2020-11-01 18:58:49,1.55,110.33,77.0,94,20,3.36
251,Fengrun,CN,2020-11-01 18:58:49,39.83,118.12,43.99,46,95,1.39
252,Pietarsaari,FI,2020-11-01 18:58:49,63.65,22.68,46.99,75,75,17.22
253,Port Alfred,ZA,2020-11-01 18:58:49,-33.59,26.89,66.9,78,84,22.28
254,Te Anau,NZ,2020-11-01 18:58:49,-45.42,167.72,41.95,86,100,1.74
255,Chokurdakh,RU,2020-11-01 18:58:49,70.63,147.92,0.54,94,100,10.51
256,Tautira,PF,2020-11-01 18:58:50,-17.73,-149.15,82.4,69,75,4.7
257,Kasongo-Lunda,CD,2020-11-01 18:58:50,-6.47,16.82,73.2,87,100,1.16
258,Yomou,GN,2020-11-01 18:58:50,7.56,-9.27,75.52,82,99,2.13
259,Los Llanos De Aridane,ES,2020-11-01 18:58:50,28.66,-17.92,82.4,23,0,8.05
260,Buchanan,LR,2020-11-01 18:58:50,5.88,-10.05,78.64,87,71,7.78
261,Sabla,NG,2020-11-01 18:58:50,12.75,4.71,83.5,18,0,7.78
262,Vigrestad,NO,2020-11-01 18:58:50,58.57,5.7,48.99,95,100,4.0
263,Turkistan,KZ,2020-11-01 18:58:50,43.0,68.0,42.96,60,42,3.4
264,Karasjok,NO,2020-11-01 18:58:50,69.47,25.51,39.2,80,75,16.11
265,Aloleng,PH,2020-11-01 18:58:51,16.13,119.78,79.77,78,100,21.5
266,Mount Gambier,AU,2020-11-01 18:58:51,-37.83,140.77,46.4,100,40,5.82
267,Brokopondo,SR,2020-11-01 18:58:51,4.75,-55.17,92.32,48,65,5.59
268,Clyde River,CA,2020-11-01 18:58:51,70.47,-68.59,10.4,85,90,10.29
269,Biak,ID,2020-11-01 18:58:51,-0.91,122.88,77.54,75,100,5.7
270,Abbeville,FR,2020-11-01 18:58:51,50.1,1.83,64.99,96,100,4.0
271,Lander,US,2020-11-01 18:58:51,42.83,-108.73,53.01,39,1,3.36
272,Terrace Bay,CA,2020-11-01 18:58:51,48.78,-87.1,26.6,73,75,32.21
273,Alta Floresta,BR,2020-11-01 18:58:51,-9.88,-56.09,77.83,92,100,4.16
274,Havelock,US,2020-11-01 18:55:52,34.88,-76.9,73.0,90,100,5.99
275,Nemuro,JP,2020-11-01 18:58:52,43.32,145.57,57.07,84,100,23.4
276,Harper,LR,2020-11-01 18:58:52,4.38,-7.72,78.31,86,100,6.15
277,Filadelfia,US,2020-11-01 18:57:14,39.95,-75.16,54.0,93,90,16.11
278,Puri,IN,2020-11-01 18:58:52,19.8,85.85,80.6,88,40,5.32
279,Yar-Sale,RU,2020-11-01 18:58:52,66.83,70.83,30.88,98,100,19.19
280,Sorong,ID,2020-11-01 18:58:52,-0.88,131.25,81.43,78,100,4.7
281,Bada,RU,2020-11-01 18:58:52,51.39,109.87,14.02,91,97,7.87
282,Boca Do Acre,BR,2020-11-01 18:58:52,-8.75,-67.4,88.97,46,99,3.04
283,Namibe,AO,2020-11-01 18:57:50,-15.2,12.15,73.45,70,98,5.32
284,Ulety,RU,2020-11-01 18:58:53,51.36,112.48,16.3,90,60,7.45
285,Rize,TR,2020-11-01 18:58:53,40.9,40.89,42.13,92,75,2.37
286,Golpayegan,IR,2020-11-01 18:58:53,33.45,50.29,48.54,39,14,2.37
287,Gat,IL,2020-11-01 18:58:53,31.61,34.76,75.0,88,100,6.38
288,Tomatlan,MX,2020-11-01 18:58:53,19.93,-105.25,92.26,52,0,5.32
289,Baykit,RU,2020-11-01 18:58:53,61.67,96.37,18.48,94,100,5.28
290,Jaque,PA,2020-11-01 18:58:53,7.52,-78.17,81.14,76,18,8.84
291,Atchison,US,2020-11-01 18:58:54,39.56,-95.12,48.99,34,1,12.75
292,Lazaro Cardenas,MX,2020-11-01 18:58:54,17.96,-102.2,88.09,55,0,5.66
293,Kupang,ID,2020-11-01 18:57:47,-10.17,123.58,80.4,75,100,8.93
294,Matay,EG,2020-11-01 18:58:54,28.42,30.78,72.34,49,0,18.75
295,Zhangye,CN,2020-11-01 18:58:54,38.93,100.45,37.33,64,0,4.21
296,Sao Geraldo Do Araguaia,BR,2020-11-01 18:58:54,-6.4,-48.55,95.0,38,100,1.86
297,Bosaso,SO,2020-11-01 18:58:54,11.28,49.18,78.75,71,0,6.91
298,Gurupi,BR,2020-11-01 18:58:54,-11.73,-49.07,88.84,51,27,5.95
299,Dongobesh,TZ,2020-11-01 18:58:54,-4.07,35.38,62.47,62,0,13.2
300,Khovu-Aksy,RU,2020-11-01 18:58:55,51.13,93.6,22.15,92,70,4.45
301,Fukue,JP,2020-11-01 18:58:55,32.69,128.84,68.25,73,100,15.1
302,Kota Bahru,MY,2020-11-01 18:58:55,6.13,102.24,80.6,88,40,2.24
303,Santiago Del Estero,AR,2020-11-01 18:58:55,-27.8,-64.26,86.61,22,0,8.61
304,Lompoc,US,2020-11-01 18:58:18,34.64,-120.46,75.2,28,1,3.36
305,Chernyshevskiy,RU,2020-11-01 18:58:55,63.01,112.47,3.54,94,85,9.31
306,Marshall,US,2020-11-01 18:58:55,34.38,-86.33,68.0,45,1,10.29
307,Saldanha,ZA,2020-11-01 18:58:55,-33.01,17.94,73.4,33,0,8.05
308,Sao Joao Do Paraiso,BR,2020-11-01 18:54:05,-15.31,-42.01,74.5,78,100,3.38
309,Ilhabela,BR,2020-11-01 18:58:56,-23.78,-45.36,67.37,69,84,6.69
310,Port Lincoln,AU,2020-11-01 18:58:56,-34.73,135.87,62.42,67,86,10.65
311,Husavik,IS,2020-11-01 18:58:56,66.04,-17.34,39.2,55,75,9.17
312,Ponta Delgada,PT,2020-11-01 18:58:56,37.73,-25.67,69.8,94,40,13.87
313,Talaya,RU,2020-11-01 18:58:56,61.38,152.75,16.99,92,100,4.05
314,Arrifes,PT,2020-11-01 18:58:56,37.77,-25.7,69.8,94,40,13.87
315,Goose Creek,US,2020-11-01 18:58:56,32.98,-80.03,73.0,77,75,13.87
316,San Quintin,MX,2020-11-01 18:58:56,30.48,-115.95,77.68,36,0,9.22
317,Yatou,CN,2020-11-01 18:58:57,37.15,122.38,49.48,48,0,3.6
318,Zhanaozen,KZ,2020-11-01 18:58:57,43.3,52.8,60.19,27,0,13.94
319,Agadez,NE,2020-11-01 18:58:57,19.75,10.25,72.21,25,100,8.59
320,San Carlos De Bariloche,AR,2020-11-01 18:58:57,-41.15,-71.31,80.6,14,20,10.29
321,Santa Cruz Cabralia,BR,2020-11-01 18:54:17,-16.28,-39.02,69.8,88,90,8.05
322,Grindavik,IS,2020-11-01 18:58:57,63.84,-22.43,37.4,93,75,8.05
323,Bandarbeyla,SO,2020-11-01 18:58:57,9.49,50.81,77.54,77,0,20.8
324,Magadan,RU,2020-11-01 18:58:57,59.57,150.8,29.44,94,100,10.13
325,Portland,US,2020-11-01 18:57:22,45.52,-122.68,61.0,56,0,3.83
326,Itupiranga,BR,2020-11-01 18:58:58,-5.13,-49.33,95.0,47,40,3.36
327,Arlit,NE,2020-11-01 18:55:07,18.74,7.39,80.22,18,100,19.26
328,Ulladulla,AU,2020-11-01 18:58:58,-35.35,150.47,57.2,93,75,10.29
329,Le Port,RE,2020-11-01 18:58:58,-20.94,55.29,66.2,72,75,4.7
330,Dharchula,IN,2020-11-01 18:58:58,29.85,80.53,56.77,49,0,6.17
331,Soyaux,FR,2020-11-01 18:58:58,45.65,0.2,64.0,82,75,2.24
332,Diadi,PH,2020-11-01 18:58:58,16.66,121.37,72.59,93,100,0.81
333,Wairoa,NZ,2020-11-01 18:58:58,-39.03,177.37,55.99,87,100,3.0
334,Hobara,JP,2020-11-01 18:58:58,37.82,140.55,53.01,80,100,4.61
335,Damghan,IR,2020-11-01 18:58:58,36.17,54.35,59.05,33,42,2.28
336,Olinda,BR,2020-11-01 18:58:58,-8.01,-34.86,84.2,70,40,12.75
337,Deputatskiy,RU,2020-11-01 18:58:59,69.3,139.9,-14.6,88,93,6.38
338,Knyaginino,RU,2020-11-01 18:58:59,55.82,45.03,37.92,86,100,9.89
339,Mackay,AU,2020-11-01 18:58:59,-21.15,149.2,69.01,94,99,5.82
340,Ahipara,NZ,2020-11-01 18:58:59,-35.17,173.17,62.87,89,100,6.53
341,Ingham,US,2020-11-01 18:58:59,42.6,-84.38,36.0,55,75,20.8
342,Andrychow,PL,2020-11-01 18:58:59,49.85,19.34,45.0,3,100,11.99
343,Ghanzi,BW,2020-11-01 18:58:59,-21.57,21.78,81.99,28,99,6.96
344,Meulaboh,ID,2020-11-01 18:58:59,4.14,96.13,76.66,87,100,3.4
345,Pacific Grove,US,2020-11-01 18:58:59,36.62,-121.92,72.0,42,1,5.46
346,Yenagoa,NG,2020-11-01 18:58:59,4.92,6.26,77.11,92,100,5.1
347,Thinadhoo,MV,2020-11-01 18:59:00,0.53,72.93,83.53,74,100,9.66
348,Hurricane,US,2020-11-01 18:59:00,37.18,-113.29,77.0,10,1,8.05
349,Bay Roberts,CA,2020-11-01 18:55:18,47.6,-53.26,42.01,70,100,11.01
350,Lujan,AR,2020-11-01 18:59:00,-34.57,-59.1,78.01,40,0,4.0
351,Tessalit,ML,2020-11-01 18:59:00,20.2,1.01,81.18,16,100,9.01
352,Sambava,MG,2020-11-01 18:59:00,-14.27,50.17,73.67,69,99,13.35
353,Ndele,CF,2020-11-01 18:59:00,8.41,20.65,73.8,83,96,0.98
354,Solnechnogorsk,RU,2020-11-01 18:59:00,56.18,36.98,39.2,93,90,13.42
355,Coahuayana,MX,2020-11-01 18:59:00,18.73,-103.68,91.33,50,0,5.28
356,Ler,SS,2020-11-01 18:59:00,8.3,30.14,75.83,71,0,2.93
357,Puro,PH,2020-11-01 18:59:01,12.48,123.38,78.76,83,100,4.23
358,Nortelandia,BR,2020-11-01 18:59:01,-14.45,-56.8,90.0,43,32,6.58
359,Qasigiannguit,GL,2020-11-01 18:59:01,68.82,-51.19,21.2,57,100,6.93
360,Caohai,CN,2020-11-01 18:59:01,26.87,104.28,40.01,80,100,6.06
361,Fairbanks,US,2020-11-01 18:57:09,64.84,-147.72,-0.99,75,1,0.16
362,Rubtsovsk,RU,2020-11-01 18:59:01,51.5,81.25,33.73,88,0,10.98
363,Susanville,US,2020-11-01 18:59:01,40.42,-120.65,59.0,24,1,3.51
364,Mugumu,TZ,2020-11-01 18:59:01,-1.85,34.7,69.55,48,85,5.14
365,Sindor,RU,2020-11-01 18:59:02,62.86,51.89,29.19,93,100,7.23
366,Varna,BG,2020-11-01 18:55:31,43.22,27.92,46.99,75,0,6.93
367,Thunder Bay,CA,2020-11-01 18:59:02,48.4,-89.32,28.4,46,20,23.04
368,Urusha,RU,2020-11-01 18:59:02,54.05,122.9,9.27,82,100,10.96
369,Bose,IT,2020-11-01 18:59:02,45.46,8.01,55.0,97,99,1.14
370,Tula,RU,2020-11-01 18:56:05,54.2,37.61,44.92,93,100,10.27
371,Santo Estevao,BR,2020-11-01 18:59:02,-12.43,-39.25,87.53,50,100,2.86
372,Celestun,MX,2020-11-01 18:59:02,20.87,-90.4,80.28,74,27,19.84
373,Chinhoyi,ZW,2020-11-01 18:59:02,-17.37,30.2,71.13,49,0,5.88
374,Korla,CN,2020-11-01 18:59:03,41.76,86.15,40.73,64,0,3.47
375,Uspenka,UA,2020-11-01 18:59:03,48.39,39.16,56.89,77,96,14.2
376,Mitsamiouli,KM,2020-11-01 18:59:03,-11.38,43.28,77.5,76,100,7.94
377,Zaqatala,AZ,2020-11-01 18:59:03,41.63,46.64,60.8,55,0,9.17
378,Askiz,RU,2020-11-01 18:59:03,53.13,90.53,29.41,95,41,5.21
379,Mehamn,NO,2020-11-01 18:59:03,71.04,27.85,37.4,86,0,19.46
380,Severo-Yeniseyskiy,RU,2020-11-01 18:59:03,60.37,93.04,31.3,99,100,12.39
381,Vila Franca Do Campo,PT,2020-11-01 18:59:03,37.72,-25.43,69.8,94,40,13.87
382,Liverpool,GB,2020-11-01 18:59:03,53.41,-2.98,62.01,93,40,21.92
383,Kalabo,ZM,2020-11-01 18:59:04,-14.97,22.68,81.34,21,98,0.96
384,Asyut,EG,2020-11-01 18:59:04,27.18,31.18,75.2,60,0,16.11
385,Tiksi,RU,2020-11-01 18:59:04,71.69,128.87,-6.72,90,0,6.87
386,Saint-Joseph,RE,2020-11-01 18:59:04,-21.37,55.62,69.8,64,40,6.93
387,Tabuk,PH,2020-11-01 18:59:04,17.42,121.44,74.52,94,100,1.68
388,Cuamba,MZ,2020-11-01 18:59:04,-14.8,36.54,74.82,66,88,3.2
389,San Ramon,US,2020-11-01 18:57:08,37.78,-121.98,73.99,48,1,3.33
390,Sydney Mines,CA,2020-11-01 18:59:04,46.24,-60.22,50.0,60,40,16.11
391,Beringovskiy,RU,2020-11-01 18:59:04,63.05,179.32,23.09,96,100,4.27
392,Beibei,CN,2020-11-01 18:59:04,29.83,106.43,59.0,100,90,4.47
393,Miles City,US,2020-11-01 18:59:05,46.41,-105.84,44.6,56,1,6.93
394,Koslan,RU,2020-11-01 18:59:05,63.46,48.9,30.25,93,100,8.1
395,Leningradskiy,RU,2020-11-01 18:59:05,69.38,178.42,14.02,82,85,5.84
396,Nioro,GM,2020-11-01 18:59:05,13.35,-15.75,86.13,32,0,4.05
397,Marolambo,MG,2020-11-01 18:59:05,-20.05,48.12,64.4,79,99,1.63
398,Zavyalovo,RU,2020-11-01 18:59:05,54.51,82.45,35.6,83,0,11.18
399,Ous,RU,2020-11-01 18:59:05,60.91,61.52,25.16,97,0,4.23
400,Beidao,CN,2020-11-01 18:59:05,34.57,105.89,44.11,55,78,1.19
401,Stavern,NO,2020-11-01 18:59:05,59.0,10.03,53.01,93,75,21.92
402,Praia,CV,2020-11-01 18:59:05,14.92,-23.51,84.2,48,40,11.41
403,Rocha,UY,2020-11-01 18:59:06,-34.48,-54.33,64.89,53,0,8.97
404,Kiruna,SE,2020-11-01 18:59:06,67.86,20.23,37.4,100,100,6.93
405,Dubai,AE,2020-11-01 18:58:27,25.26,55.3,80.6,74,0,6.93
406,Bluefields,NI,2020-11-01 18:59:06,12.01,-83.76,77.0,94,75,4.7
407,Virginia Beach,US,2020-11-01 18:58:16,36.85,-75.98,64.99,97,100,25.32
408,Acapulco,MX,2020-11-01 18:59:06,16.86,-99.89,86.65,61,41,7.16
409,Saravan,AM,2020-11-01 18:59:06,39.72,45.65,57.2,35,40,9.17
410,Kyren,RU,2020-11-01 18:59:06,51.68,102.14,18.28,84,4,1.5
411,Mishawaka,US,2020-11-01 18:59:07,41.66,-86.16,37.4,51,90,24.16
412,Socorro,US,2020-11-01 18:59:07,31.65,-106.3,66.99,32,75,10.29
413,Kantang,TH,2020-11-01 18:59:07,7.41,99.52,77.45,86,100,2.26
414,Camana,PE,2020-11-01 18:59:07,-16.62,-72.71,69.46,66,55,7.05
415,Egvekinot,RU,2020-11-01 18:59:07,66.32,-179.17,10.17,90,7,3.4
416,Ketchikan,US,2020-11-01 18:59:07,55.34,-131.65,53.6,100,90,23.04
417,Petropavlovsk-Kamchatskiy,RU,2020-11-01 18:59:07,53.05,158.65,30.2,80,24,6.71
418,Fortuna,US,2020-11-01 18:59:07,40.6,-124.16,62.6,59,1,4.7
419,Tateyama,JP,2020-11-01 18:59:07,34.98,139.87,59.0,67,40,2.24
420,Shenzhen,CN,2020-11-01 18:59:07,22.55,114.07,73.99,89,92,3.51
421,Sorland,NO,2020-11-01 18:59:08,67.67,12.69,48.2,81,0,20.8
422,Nabire,ID,2020-11-01 18:55:06,-3.37,135.48,76.69,87,96,4.16
423,Nyaunglebin,MM,2020-11-01 18:59:08,17.95,96.73,74.7,93,0,1.16
424,Half Moon Bay,US,2020-11-01 18:59:08,37.46,-122.43,72.0,72,5,2.95
425,Lienz,AT,2020-11-01 18:59:08,46.83,12.77,48.0,81,75,4.38
426,Orotukan,RU,2020-11-01 18:59:08,62.27,151.7,15.03,93,100,1.16
427,Zyryanka,RU,2020-11-01 18:59:08,65.75,150.85,-3.75,92,97,2.59
428,Onda,ES,2020-11-01 18:59:08,39.97,-0.25,62.01,81,85,1.88
429,Kirkenaer,NO,2020-11-01 18:59:08,60.46,12.06,48.2,93,75,20.8
430,Batemans Bay,AU,2020-11-01 18:59:08,-35.72,150.18,55.0,97,5,4.92
431,Birin,NP,2020-11-01 18:59:08,26.89,88.07,75.2,88,20,1.12
432,Samoylovka,RU,2020-11-01 18:59:09,51.18,43.71,43.5,76,12,7.99
433,Anshun,CN,2020-11-01 18:59:09,26.25,105.93,46.89,86,100,12.26
434,Yeppoon,AU,2020-11-01 18:59:09,-23.13,150.73,69.8,88,0,3.36
435,Nishihara,JP,2020-11-01 18:59:09,26.18,127.76,71.6,73,20,6.96
436,Namatanai,PG,2020-11-01 18:59:09,-3.67,152.43,80.08,81,100,5.41
437,Melo,UY,2020-11-01 18:59:09,-32.37,-54.18,68.11,55,0,7.65
438,Aswan,EG,2020-11-01 18:59:09,24.09,32.91,75.31,35,0,9.86
439,Sinnamary,GF,2020-11-01 18:59:09,5.38,-52.95,85.23,67,100,11.97
440,Ascension,US,2020-11-01 18:59:09,30.22,-90.9,73.99,46,1,4.7
441,Suzun,RU,2020-11-01 18:59:09,53.78,82.31,32.41,95,93,6.78
442,Ishigaki,JP,2020-11-01 18:59:10,24.34,124.16,76.96,75,80,17.16
443,De-Kastri,RU,2020-11-01 18:59:10,51.47,140.78,39.67,86,100,4.45
444,Karak,JO,2020-11-01 18:59:10,31.17,35.75,66.2,72,40,6.93
445,Luwuk,ID,2020-11-01 18:59:10,-0.95,122.79,77.83,72,100,4.92
446,Samarai,PG,2020-11-01 18:59:10,-10.62,150.67,81.1,83,100,7.76
447,Mukhen,RU,2020-11-01 18:59:10,48.1,136.1,36.46,83,100,5.53
448,Bestobe,KZ,2020-11-01 18:59:10,52.5,73.1,37.92,75,100,7.65
449,Blagoyevo,RU,2020-11-01 18:59:10,63.37,47.92,30.45,93,92,6.91
450,Cayenne,GF,2020-11-01 18:59:10,4.93,-52.33,82.4,78,82,9.17
451,Hibbing,US,2020-11-01 18:59:10,47.43,-92.94,30.2,49,1,19.46
452,Margate,GB,2020-11-01 18:59:11,51.38,1.39,62.01,95,100,7.0
453,Phaltan,IN,2020-11-01 18:59:11,17.98,74.43,74.82,69,45,1.81
454,Izazi,TZ,2020-11-01 18:59:11,-7.2,35.73,74.1,60,0,5.14
455,Port Hedland,AU,2020-11-01 18:59:11,-20.32,118.57,73.4,78,1,6.93
456,Hirara,JP,2020-11-01 18:59:11,24.8,125.28,76.37,71,4,14.81
457,Rudnichnyy,RU,2020-11-01 18:59:11,59.62,52.47,27.45,98,0,3.44
458,Vierzon,FR,2020-11-01 18:59:11,47.21,2.06,62.6,93,90,12.75
459,Yaan,NG,2020-11-01 18:59:11,7.38,8.57,80.06,70,100,5.77
460,Evensk,RU,2020-11-01 18:59:11,61.95,159.23,20.59,92,79,5.82
461,Vadinsk,RU,2020-11-01 18:59:11,53.69,43.06,44.1,93,100,9.62
462,Rio Gallegos,AR,2020-11-01 18:59:11,-51.62,-69.22,66.2,32,0,13.87
463,Chunhuhub,MX,2020-11-01 18:59:11,19.55,-88.68,80.53,85,60,4.88
464,Trelew,AR,2020-11-01 18:59:12,-43.25,-65.31,94.96,10,0,10.2
465,Alyangula,AU,2020-11-01 18:59:12,-13.85,136.42,64.4,93,0,4.29
466,Ishinomaki,JP,2020-11-01 18:59:12,38.42,141.3,61.88,78,100,16.6
467,Vieques,PR,2020-11-01 18:59:12,18.43,-65.83,87.8,62,40,14.99
468,Gambiran,ID,2020-11-01 18:59:12,-6.8,111.5,75.78,88,97,2.42
469,Phalodi,IN,2020-11-01 18:59:12,27.13,72.37,72.84,18,0,3.62
470,Cheremisinovo,RU,2020-11-01 18:55:21,51.89,37.26,48.2,93,90,6.71
471,Balakhta,RU,2020-11-01 18:59:12,55.38,91.6,30.58,96,100,4.9
472,Den Helder,NL,2020-11-01 18:59:12,52.96,4.76,60.01,87,75,26.4
473,Tamandare,BR,2020-11-01 18:59:13,-8.76,-35.1,80.4,74,92,12.55
474,Anloga,GH,2020-11-01 18:59:13,5.79,0.9,82.4,83,40,11.41
475,Eina,NO,2020-11-01 18:59:13,60.63,10.6,48.0,98,100,10.6
476,Ossora,RU,2020-11-01 18:59:13,59.24,163.07,32.32,94,65,3.98
477,Lata,PT,2020-11-01 18:59:13,40.16,-8.33,66.99,90,96,1.3
478,Blacksburg,US,2020-11-01 18:55:00,37.23,-80.41,60.8,63,75,8.05
479,Hambantota,LK,2020-11-01 18:59:13,6.12,81.12,80.6,94,90,3.36
480,Jibuti,DJ,2020-11-01 18:59:13,11.5,42.5,84.2,62,20,5.82
481,Bouna,CI,2020-11-01 18:59:13,9.27,-3.0,83.19,36,34,3.53
482,Maniitsoq,GL,2020-11-01 18:59:14,65.42,-52.9,23.11,96,100,6.89
483,Sibolga,ID,2020-11-01 18:59:14,1.74,98.78,76.87,80,100,3.13
484,Trinidad,BO,2020-11-01 18:59:14,-14.83,-64.9,93.2,32,0,11.41
485,Lubango,AO,2020-11-01 18:59:14,-14.92,13.49,64.42,87,100,5.59
486,Alta Gracia,AR,2020-11-01 18:59:14,-31.65,-64.43,84.0,21,0,17.0
487,Kaeo,NZ,2020-11-01 18:59:14,-35.1,173.78,60.01,96,100,1.99
488,Bowen,AU,2020-11-01 18:59:14,-20.02,148.23,69.8,94,100,2.24
489,Pushkar,IN,2020-11-01 18:59:14,26.5,74.55,61.9,28,0,1.43
490,Tchollire,CM,2020-11-01 18:59:15,8.4,14.17,79.45,40,5,0.87
491,Atherton,GB,2020-11-01 18:59:15,53.52,-2.49,57.99,90,100,5.01
492,Shaygino,RU,2020-11-01 18:59:15,57.77,46.86,28.62,97,0,5.01
493,High Prairie,CA,2020-11-01 18:59:15,55.43,-116.49,50.0,61,0,14.99
494,Ask,NO,2020-11-01 18:59:15,60.07,11.03,48.99,93,75,20.8
495,Pangnirtung,CA,2020-11-01 18:59:15,66.15,-65.71,15.8,72,75,6.93
496,Cambrai,FR,2020-11-01 18:59:15,50.17,3.42,64.0,97,100,5.99
497,Graaff-Reinet,ZA,2020-11-01 18:59:15,-32.25,24.53,66.99,60,0,5.01
498,Nurota,UZ,2020-11-01 18:59:15,40.56,65.69,42.8,28,99,6.93
499,Sabha,LY,2020-11-01 18:59:15,27.04,14.43,65.75,47,0,7.85
500,Havoysund,NO,2020-11-01 18:59:16,71.0,24.66,39.2,86,40,18.34
501,Choix,MX,2020-11-01 18:59:16,26.71,-108.32,98.29,13,98,2.95
502,Bialystok,PL,2020-11-01 18:59:16,53.13,23.15,44.01,92,0,1.99
503,Vila,PT,2020-11-01 18:59:16,42.03,-8.16,61.0,93,100,3.0
504,Amahai,ID,2020-11-01 18:59:16,-3.33,128.92,82.0,93,100,3.33
505,Maun,BW,2020-11-01 18:59:16,-19.98,23.42,86.0,27,0,3.36
506,Mount Isa,AU,2020-11-01 18:59:16,-20.73,139.5,68.0,20,0,3.36
507,Dondo,MZ,2020-11-01 18:59:16,-19.61,34.74,77.0,78,20,12.75
508,Mercedes,AR,2020-11-01 18:59:16,-34.65,-59.43,78.01,52,0,5.99
509,Kichera,RU,2020-11-01 18:59:17,55.94,110.1,11.5,76,0,5.73
510,Redcar,GB,2020-11-01 18:59:17,54.62,-1.06,55.99,93,40,20.8
511,Gospic,HR,2020-11-01 18:59:17,44.55,15.37,51.8,93,20,3.36
512,Praia Da Vitoria,PT,2020-11-01 18:59:17,38.73,-27.07,64.99,93,75,21.32
513,Lahijan,IR,2020-11-01 18:59:17,37.21,50.0,59.0,100,6,2.89
514,Srednekolymsk,RU,2020-11-01 18:59:17,67.45,153.68,-4.27,91,88,7.9
515,Sao Felix Do Xingu,BR,2020-11-01 18:59:17,-6.64,-51.99,94.28,38,72,2.24
516,Velsk,RU,2020-11-01 18:59:17,61.07,42.1,28.78,97,0,2.77
517,San Andres,CO,2020-11-01 18:58:25,12.58,-81.7,78.8,100,75,11.41
518,San Lorenzo,PY,2020-11-01 18:59:18,-25.33,-57.53,87.8,25,20,8.05
519,Acoyapa,NI,2020-11-01 18:59:18,11.97,-85.17,77.0,88,40,4.7
520,Singleton,AU,2020-11-01 18:59:18,-32.57,151.18,59.0,88,96,2.46
521,Puerto Escondido,MX,2020-11-01 18:59:18,15.85,-97.07,86.25,56,0,4.83
522,Altar,MX,2020-11-01 18:59:18,30.7,-111.82,90.88,12,0,1.54
523,Guarapari,BR,2020-11-01 18:59:18,-20.67,-40.5,75.2,69,75,12.75
524,Lucea,JM,2020-11-01 18:59:18,18.45,-78.17,87.01,66,40,12.75
525,Dalbandin,PK,2020-11-01 18:59:18,28.89,64.41,53.37,29,0,5.12
526,Quatre Cocos,MU,2020-11-01 18:59:18,-20.21,57.76,71.6,64,40,10.29
527,Piacabucu,BR,2020-11-01 18:59:18,-10.41,-36.43,81.99,71,61,16.02
528,Muros,ES,2020-11-01 18:59:18,42.78,-9.06,64.99,91,100,18.01
529,Pabbi,PK,2020-11-01 18:59:19,34.01,71.8,66.2,39,0,4.7
530,Jasper,US,2020-11-01 18:54:32,37.2,-94.35,54.0,27,1,9.17
531,Vardo,NO,2020-11-01 18:59:19,70.37,31.11,39.2,86,75,28.86
532,Raton,US,2020-11-01 18:59:19,36.9,-104.44,60.01,34,1,3.36
533,Tupelo,US,2020-11-01 18:58:49,34.26,-88.7,68.0,32,1,13.87
534,Sisophon,KH,2020-11-01 18:59:19,13.59,102.97,75.79,93,70,6.89
535,Inhapim,BR,2020-11-01 18:59:19,-19.55,-42.12,67.78,92,100,2.13
536,Dushanbe,TJ,2020-11-01 18:59:19,38.56,68.78,46.4,42,100,1.83
537,Asfi,MA,2020-11-01 18:55:07,32.3,-9.24,68.47,76,0,18.32
538,Coihaique,CL,2020-11-01 18:59:19,-45.58,-72.07,77.0,23,0,4.7
539,Urengoy,RU,2020-11-01 18:59:20,65.97,78.37,25.14,97,89,16.28
540,Salalah,OM,2020-11-01 18:59:20,17.02,54.09,80.6,65,0,3.36
541,Susuman,RU,2020-11-01 18:59:20,62.78,148.17,0.48,90,100,1.63
542,Houma,US,2020-11-01 18:59:20,29.6,-90.72,73.0,58,31,7.0
543,Rena,NO,2020-11-01 18:59:20,61.13,11.36,46.99,98,100,14.0
544,Melendugno,IT,2020-11-01 18:59:20,40.27,18.34,59.0,100,20,4.7
545,Hualmay,PE,2020-11-01 18:59:20,-11.1,-77.61,69.08,63,63,10.18
546,Karratha,AU,2020-11-01 18:59:20,-20.74,116.85,73.44,71,100,13.85
547,Baijiantan,CN,2020-11-01 18:59:20,45.63,85.18,37.22,74,66,2.77
548,Dong Hoi,VN,2020-11-01 18:59:20,17.48,106.6,74.01,88,22,8.12
549,Uglovskoye,RU,2020-11-01 18:59:21,51.36,80.19,34.36,86,2,8.46
550,Hailar,CN,2020-11-01 18:59:21,49.2,119.7,19.71,84,100,16.06
551,Solnechnyy,RU,2020-11-01 18:59:21,50.72,136.63,31.73,96,100,4.52
552,Westport,US,2020-11-01 18:59:03,41.14,-73.36,53.01,93,100,14.83
553,Kudahuvadhoo,MV,2020-11-01 18:59:21,2.67,72.89,82.8,73,100,6.31
554,Le Vauclin,MQ,2020-11-01 18:59:21,14.55,-60.84,81.0,94,100,4.7
555,Oistins,BB,2020-11-01 18:55:40,13.07,-59.53,86.0,74,40,21.92
556,Sergeyevka,KZ,2020-11-01 18:59:21,53.88,67.42,33.15,94,0,7.43
557,Oranjemund,NA,2020-11-01 18:59:21,-28.55,16.43,64.56,61,0,14.97
558,Fort-Shevchenko,KZ,2020-11-01 18:59:21,44.51,50.26,60.44,39,0,5.44
559,Bengkulu,ID,2020-11-01 18:59:21,-3.8,102.27,75.16,88,100,4.9
560,Ulagan,RU,2020-11-01 18:59:22,50.63,87.96,24.46,83,27,1.92
561,Hensall,CA,2020-11-01 18:59:22,43.43,-81.5,39.0,79,100,5.99
